{
  "Ridge": {
    "r2_mean": 0.864,
    "r2_std": 0.0313,
    "r2_scores": [
      0.808741059970816,
      0.8817444887346635,
      0.8835185682009555,
      0.8952553829087606,
      0.8505647932832607
    ],
    "mae_mean": 0.15,
    "mae_std": 0.01,
    "mae_scores": [
      0.16450204065564733,
      0.14440155665177473,
      0.14933754034696392,
      0.13308755638454822,
      0.13998885665405406
    ]
  },
  "Random Forest": {
    "r2_mean": 0.9217,
    "r2_std": 0.0255,
    "r2_scores": [
      0.8799531953335624,
      0.9401069910938183,
      0.9320271657781009,
      0.9504462498258107,
      0.9059281630205279
    ],
    "mae_mean": 0.08,
    "mae_std": 0.01,
    "mae_scores": [
      0.09252895834331007,
      0.0771893177849807,
      0.07129530404717752,
      0.0693183142504802,
      0.0799361618685332
    ]
  },
  "XGBoost": {
    "r2_mean": 0.9319,
    "r2_std": 0.0212,
    "r2_scores": [
      0.8975984712767312,
      0.9473457359501362,
      0.9347690285740711,
      0.9584420325345897,
      0.921225271228224
    ],
    "mae_mean": 0.08,
    "mae_std": 0.01,
    "mae_scores": [
      0.09755855400732934,
      0.07900301409433358,
      0.08819200480548567,
      0.07541579167539221,
      0.08418203946758222
    ]
  },
  "LightGBM": {
    "r2_mean": 0.9193,
    "r2_std": 0.0218,
    "r2_scores": [
      0.8855368080577923,
      0.9311324130885101,
      0.9313130016023826,
      0.9453728246205284,
      0.9029086485825353
    ],
    "mae_mean": 0.1,
    "mae_std": 0.01,
    "mae_scores": [
      0.11159047527290519,
      0.10379256150599335,
      0.10046289537619707,
      0.09111937651718102,
      0.10437133296511296
    ]
  }
}